group;partners;type;longevity
1;0;9;40
1;0;9;37
1;0;9;44
1;0;9;47
1;0;9;47
1;0;9;47
1;0;9;68
1;0;9;47
1;0;9;54
1;0;9;61
1;0;9;71
1;0;9;75
1;0;9;89
1;0;9;58
1;0;9;59
1;0;9;62
1;0;9;79
1;0;9;96
1;0;9;58
1;0;9;62
1;0;9;70
1;0;9;72
1;0;9;75
1;0;9;96
1;0;9;75
2;1;1;46
2;1;1;42
2;1;1;65
2;1;1;46
2;1;1;58
2;1;1;42
2;1;1;48
2;1;1;58
2;1;1;50
2;1;1;80
2;1;1;63
2;1;1;65
2;1;1;70
2;1;1;70
2;1;1;72
2;1;1;97
2;1;1;46
2;1;1;56
2;1;1;70
2;1;1;70
2;1;1;72
2;1;1;76
2;1;1;90
2;1;1;76
2;1;1;92
3;8;0;35
3;8;0;37
3;8;0;49
3;8;0;46
3;8;0;63
3;8;0;39
3;8;0;46
3;8;0;56
3;8;0;63
3;8;0;65
3;8;0;56
3;8;0;65
3;8;0;70
3;8;0;63
3;8;0;65
3;8;0;70
3;8;0;77
3;8;0;81
3;8;0;86
3;8;0;70
3;8;0;70
3;8;0;77
3;8;0;77
3;8;0;81
3;8;0;77
4;1;1;21
4;1;1;40
4;1;1;44
4;1;1;54
4;1;1;36
4;1;1;40
4;1;1;56
4;1;1;60
4;1;1;48
4;1;1;53
4;1;1;60
4;1;1;60
4;1;1;65
4;1;1;68
4;1;1;60
4;1;1;81
4;1;1;81
4;1;1;48
4;1;1;48
4;1;1;56
4;1;1;68
4;1;1;75
4;1;1;81
4;1;1;48
4;1;1;68
5;8;0;16
5;8;0;19
5;8;0;19
5;8;0;32
5;8;0;33
5;8;0;33
5;8;0;30
5;8;0;42
5;8;0;42
5;8;0;33
5;8;0;26
5;8;0;30
5;8;0;40
5;8;0;54
5;8;0;34
5;8;0;34
5;8;0;47
5;8;0;47
5;8;0;42
5;8;0;47
5;8;0;54
5;8;0;54
5;8;0;56
5;8;0;60
5;8;0;44
