"weight","sex","Lsize","LitterID"
6.6,"Male",12,"1"
7.4,"Male",12,"1"
7.15,"Male",12,"1"
7.24,"Male",12,"1"
7.1,"Male",12,"1"
6.04,"Male",12,"1"
6.98,"Male",12,"1"
7.05,"Male",12,"1"
6.95,"Female",12,"1"
6.29,"Female",12,"1"
6.77,"Female",12,"1"
6.57,"Female",12,"1"
6.37,"Male",14,"2"
6.37,"Male",14,"2"
6.9,"Male",14,"2"
6.34,"Male",14,"2"
6.5,"Male",14,"2"
6.1,"Male",14,"2"
6.44,"Male",14,"2"
6.94,"Male",14,"2"
6.41,"Male",14,"2"
5.92,"Female",14,"2"
6.04,"Female",14,"2"
5.82,"Female",14,"2"
6.04,"Female",14,"2"
5.96,"Female",14,"2"
7.5,"Male",4,"3"
7.08,"Male",4,"3"
7.57,"Female",4,"3"
7.27,"Female",4,"3"
6.25,"Male",14,"4"
6.93,"Male",14,"4"
6.8,"Male",14,"4"
6.69,"Male",14,"4"
6.28,"Male",14,"4"
6.27,"Male",14,"4"
6.27,"Male",14,"4"
6.47,"Male",14,"4"
6.29,"Female",14,"4"
5.98,"Female",14,"4"
6.32,"Female",14,"4"
6.28,"Female",14,"4"
5.65,"Female",14,"4"
5.57,"Female",14,"4"
7.96,"Male",13,"5"
6.84,"Male",13,"5"
7,"Male",13,"5"
8.1,"Male",13,"5"
6.52,"Male",13,"5"
7.23,"Male",13,"5"
6.1,"Male",13,"5"
7.31,"Male",13,"5"
7.16,"Female",13,"5"
7.09,"Female",13,"5"
7.14,"Female",13,"5"
5.02,"Female",13,"5"
6.04,"Female",13,"5"
8.26,"Male",9,"6"
7.73,"Male",9,"6"
8.33,"Male",9,"6"
6.14,"Male",9,"6"
7.75,"Male",9,"6"
6.96,"Male",9,"6"
7.26,"Female",9,"6"
6.58,"Female",9,"6"
3.68,"Female",9,"6"
6.29,"Male",18,"7"
6.32,"Male",18,"7"
6.28,"Male",18,"7"
6.24,"Male",18,"7"
6.78,"Male",18,"7"
6.63,"Male",18,"7"
6.27,"Male",18,"7"
6.29,"Male",18,"7"
6.06,"Male",18,"7"
6.16,"Female",18,"7"
5.96,"Female",18,"7"
6.26,"Female",18,"7"
5.83,"Female",18,"7"
6.11,"Female",18,"7"
6.45,"Female",18,"7"
6.25,"Female",18,"7"
6.31,"Female",18,"7"
5.74,"Female",18,"7"
6.04,"Male",17,"8"
5.84,"Male",17,"8"
6.77,"Male",17,"8"
5.59,"Male",17,"8"
5.52,"Male",17,"8"
6.42,"Male",17,"8"
5.97,"Male",17,"8"
6.34,"Male",17,"8"
6.23,"Female",17,"8"
5.95,"Female",17,"8"
6.16,"Female",17,"8"
6.19,"Female",17,"8"
5.32,"Female",17,"8"
5,"Female",17,"8"
6.3,"Female",17,"8"
5,"Female",17,"8"
5.56,"Female",17,"8"
5.37,"Male",17,"9"
5.58,"Male",17,"9"
5.51,"Male",17,"9"
5.19,"Male",17,"9"
5.34,"Male",17,"9"
5.77,"Male",17,"9"
5.17,"Male",17,"9"
4.57,"Male",17,"9"
5.39,"Male",17,"9"
5.62,"Male",17,"9"
5.4,"Male",17,"9"
5.77,"Male",17,"9"
5.24,"Male",17,"9"
5.37,"Female",17,"9"
5.33,"Female",17,"9"
5.44,"Female",17,"9"
5.14,"Female",17,"9"
7.3,"Male",13,"10"
6.6,"Male",13,"10"
6.58,"Male",13,"10"
6.68,"Male",13,"10"
6.46,"Male",13,"10"
6.38,"Male",13,"10"
6.44,"Female",13,"10"
6.67,"Female",13,"10"
6.43,"Female",13,"10"
6.53,"Female",13,"10"
5.92,"Female",13,"10"
6.52,"Female",13,"10"
6.44,"Female",13,"10"
5.65,"Male",16,"11"
5.78,"Male",16,"11"
6.23,"Male",16,"11"
5.7,"Male",16,"11"
5.73,"Male",16,"11"
6.1,"Male",16,"11"
5.55,"Male",16,"11"
5.71,"Male",16,"11"
5.81,"Male",16,"11"
6.1,"Male",16,"11"
5.54,"Female",16,"11"
5.72,"Female",16,"11"
5.5,"Female",16,"11"
5.64,"Female",16,"11"
5.42,"Female",16,"11"
5.42,"Female",16,"11"
6.89,"Female",2,"12"
7.73,"Female",2,"12"
5.83,"Male",12,"13"
5.97,"Male",12,"13"
6.39,"Male",12,"13"
5.69,"Male",12,"13"
5.69,"Male",12,"13"
5.97,"Male",12,"13"
6.04,"Male",12,"13"
5.46,"Male",12,"13"
6.09,"Female",12,"13"
5.39,"Female",12,"13"
5.89,"Female",12,"13"
5.14,"Female",12,"13"
5.92,"Male",15,"14"
5.75,"Male",15,"14"
6.22,"Male",15,"14"
5.96,"Male",15,"14"
5.59,"Male",15,"14"
5.79,"Male",15,"14"
6.23,"Male",15,"14"
5.88,"Male",15,"14"
6.02,"Male",15,"14"
5.66,"Female",15,"14"
5.76,"Female",15,"14"
5.73,"Female",15,"14"
5.33,"Female",15,"14"
5.58,"Female",15,"14"
5.88,"Female",15,"14"
6,"Male",13,"15"
6.11,"Male",13,"15"
6.4,"Male",13,"15"
6.06,"Male",13,"15"
6.39,"Male",13,"15"
6.09,"Male",13,"15"
6.32,"Male",13,"15"
5.96,"Female",13,"15"
6.32,"Female",13,"15"
5.83,"Female",13,"15"
5.97,"Female",13,"15"
5.87,"Female",13,"15"
5.67,"Female",13,"15"
6.43,"Male",13,"16"
6.13,"Male",13,"16"
5.87,"Male",13,"16"
6.09,"Female",13,"16"
5.63,"Female",13,"16"
5.84,"Female",13,"16"
6.2,"Female",13,"16"
6.42,"Female",13,"16"
5.9,"Female",13,"16"
5.62,"Female",13,"16"
6.23,"Female",13,"16"
5.85,"Female",13,"16"
5.89,"Female",13,"16"
5.81,"Male",14,"17"
5.44,"Male",14,"17"
5.65,"Male",14,"17"
5.25,"Male",14,"17"
5.45,"Male",14,"17"
5.32,"Male",14,"17"
5.89,"Male",14,"17"
5.63,"Female",14,"17"
5.12,"Female",14,"17"
5.65,"Female",14,"17"
5.29,"Female",14,"17"
5.13,"Female",14,"17"
5.6,"Female",14,"17"
5.08,"Female",14,"17"
6.77,"Male",15,"18"
7.13,"Male",15,"18"
6.85,"Male",15,"18"
6.49,"Female",15,"18"
6.09,"Female",15,"18"
6.09,"Female",15,"18"
5.99,"Female",15,"18"
6.01,"Female",15,"18"
6.11,"Female",15,"18"
6.15,"Female",15,"18"
4.75,"Female",15,"18"
5.69,"Female",15,"18"
6.19,"Female",15,"18"
5.72,"Female",15,"18"
6.14,"Female",15,"18"
6.72,"Male",10,"19"
6.34,"Male",10,"19"
6.48,"Male",10,"19"
5.74,"Male",10,"19"
6.11,"Female",10,"19"
5.71,"Female",10,"19"
6.41,"Female",10,"19"
6.21,"Female",10,"19"
6.11,"Female",10,"19"
5.81,"Female",10,"19"
5.9,"Male",16,"20"
6.22,"Male",16,"20"
6.67,"Male",16,"20"
6.23,"Male",16,"20"
6.24,"Male",16,"20"
6.26,"Male",16,"20"
6.38,"Male",16,"20"
6.05,"Male",16,"20"
5.89,"Male",16,"20"
6.29,"Male",16,"20"
6.12,"Female",16,"20"
5.4,"Female",16,"20"
5.5,"Female",16,"20"
5.46,"Female",16,"20"
5.97,"Female",16,"20"
6.11,"Female",16,"20"
5.09,"Male",14,"21"
5.57,"Male",14,"21"
5.69,"Male",14,"21"
5.5,"Male",14,"21"
5.45,"Male",14,"21"
5.24,"Male",14,"21"
5.36,"Male",14,"21"
5.26,"Male",14,"21"
5.36,"Male",14,"21"
5.01,"Male",14,"21"
5.03,"Male",14,"21"
5.23,"Female",14,"21"
5.13,"Female",14,"21"
4.48,"Female",14,"21"
5.3,"Male",10,"22"
5.4,"Male",10,"22"
5.55,"Male",10,"22"
6.02,"Male",10,"22"
5.27,"Male",10,"22"
5.19,"Female",10,"22"
5.42,"Female",10,"22"
5.4,"Female",10,"22"
5.12,"Female",10,"22"
5.4,"Female",10,"22"
7.7,"Male",3,"23"
7.68,"Female",3,"23"
6.33,"Female",3,"23"
6.28,"Male",12,"24"
5.74,"Male",12,"24"
6.29,"Male",12,"24"
5.68,"Female",12,"24"
5.76,"Female",12,"24"
6.03,"Female",12,"24"
5.3,"Female",12,"24"
5.55,"Female",12,"24"
6.53,"Female",12,"24"
5.76,"Female",12,"24"
5.77,"Female",12,"24"
5.49,"Female",12,"24"
6.5,"Male",8,"25"
7.1,"Male",8,"25"
7,"Male",8,"25"
7,"Male",8,"25"
5.85,"Male",8,"25"
6.1,"Female",8,"25"
6.63,"Female",8,"25"
6.33,"Female",8,"25"
7,"Male",9,"26"
6.15,"Male",9,"26"
6.22,"Female",9,"26"
6.2,"Female",9,"26"
5.76,"Female",9,"26"
6.21,"Female",9,"26"
6.42,"Female",9,"26"
6.42,"Female",9,"26"
6.3,"Female",9,"26"
5.64,"Male",9,"27"
6.06,"Male",9,"27"
6.56,"Male",9,"27"
6.29,"Male",9,"27"
5.69,"Male",9,"27"
6.36,"Male",9,"27"
5.93,"Female",9,"27"
5.74,"Female",9,"27"
5.74,"Female",9,"27"
